date,mmm_yy,week_no
2022-04-01,Apr-23,W 14
2022-04-03,Apr-23,W 15
2022-04-04,Apr-23,W 15
2022-04-05,Apr-23,W 15
2022-04-06,Apr-23,W 15
2022-04-07,Apr-23,W 15
2022-04-08,Apr-23,W 15
2022-04-09,Apr-23,W 15
2022-04-10,Apr-23,W 16
2022-04-11,Apr-23,W 16
2022-04-12,Apr-23,W 16
2022-04-13,Apr-23,W 16
2022-04-14,Apr-23,W 16
2022-04-15,Apr-23,W 16
2022-04-16,Apr-23,W 16
2022-04-02,Apr-23,W 14
2022-04-17,Apr-23,W 17
2022-04-18,Apr-23,W 17
2022-04-19,Apr-23,W 17
2022-04-20,Apr-23,W 17
2022-04-21,Apr-23,W 17
2022-04-22,Apr-23,W 17
2022-04-23,Apr-23,W 17
2022-04-24,Apr-23,W 18
2022-04-25,Apr-23,W 18
2022-04-26,Apr-23,W 18
2022-04-27,Apr-23,W 18
2022-04-28,Apr-23,W 18
2022-04-29,Apr-23,W 18
2022-04-30,Apr-23,W 18
2022-08-16,Aug-23,W 34
2022-08-01,Aug-23,W 32
2022-08-02,Aug-23,W 32
2022-08-03,Aug-23,W 32
2022-08-04,Aug-23,W 32
2022-08-05,Aug-23,W 32
2022-08-06,Aug-23,W 32
2022-08-07,Aug-23,W 33
2022-08-08,Aug-23,W 33
2022-08-09,Aug-23,W 33
2022-08-10,Aug-23,W 33
2022-08-11,Aug-23,W 33
2022-08-12,Aug-23,W 33
2022-08-13,Aug-23,W 33
2022-08-14,Aug-23,W 34
2022-08-15,Aug-23,W 34
2022-08-17,Aug-23,W 34
2022-08-18,Aug-23,W 34
2022-08-19,Aug-23,W 34
2022-08-20,Aug-23,W 34
2022-08-21,Aug-23,W 35
2022-08-22,Aug-23,W 35
2022-08-23,Aug-23,W 35
2022-08-24,Aug-23,W 35
2022-08-25,Aug-23,W 35
2022-08-26,Aug-23,W 35
2022-08-27,Aug-23,W 35
2022-08-28,Aug-23,W 36
2022-08-29,Aug-23,W 36
2022-08-30,Aug-23,W 36
2022-07-16,Jul-23,W 29
2022-07-02,Jul-23,W 27
2022-07-03,Jul-23,W 28
2022-07-04,Jul-23,W 28
2022-07-05,Jul-23,W 28
2022-07-06,Jul-23,W 28
2022-07-07,Jul-23,W 28
2022-07-08,Jul-23,W 28
2022-07-09,Jul-23,W 28
2022-07-10,Jul-23,W 29
2022-07-11,Jul-23,W 29
2022-07-12,Jul-23,W 29
2022-07-13,Jul-23,W 29
2022-07-14,Jul-23,W 29
2022-07-15,Jul-23,W 29
2022-07-01,Jul-23,W 27
2022-07-17,Jul-23,W 30
2022-07-18,Jul-23,W 30
2022-07-19,Jul-23,W 30
2022-07-20,Jul-23,W 30
2022-07-21,Jul-23,W 30
2022-07-22,Jul-23,W 30
2022-07-23,Jul-23,W 30
2022-07-24,Jul-23,W 31
2022-07-25,Jul-23,W 31
2022-07-26,Jul-23,W 31
2022-07-27,Jul-23,W 31
2022-07-28,Jul-23,W 31
2022-07-29,Jul-23,W 31
2022-07-30,Jul-23,W 31
2022-07-31,Jul-23,W 32
2022-06-01,Jun-23,W 23
2022-06-02,Jun-23,W 23
2022-06-03,Jun-23,W 23
2022-06-04,Jun-23,W 23
2022-06-05,Jun-23,W 24
2022-06-06,Jun-23,W 24
2022-06-07,Jun-23,W 24
2022-06-08,Jun-23,W 24
2022-06-09,Jun-23,W 24
2022-06-10,Jun-23,W 24
2022-06-11,Jun-23,W 24
2022-06-12,Jun-23,W 25
2022-06-13,Jun-23,W 25
2022-06-14,Jun-23,W 25
2022-06-15,Jun-23,W 25
2022-06-16,Jun-23,W 25
2022-06-17,Jun-23,W 25
2022-06-18,Jun-23,W 25
2022-06-19,Jun-23,W 26
2022-06-20,Jun-23,W 26
2022-06-21,Jun-23,W 26
2022-06-22,Jun-23,W 26
2022-06-23,Jun-23,W 26
2022-06-24,Jun-23,W 26
2022-06-25,Jun-23,W 26
2022-06-26,Jun-23,W 27
2022-06-27,Jun-23,W 27
2022-06-28,Jun-23,W 27
2022-06-29,Jun-23,W 27
2022-06-30,Jun-23,W 27
2022-03-16,Mar-23,W 12
2022-03-02,Mar-23,W 10
2022-03-03,Mar-23,W 10
2022-03-04,Mar-23,W 10
2022-03-05,Mar-23,W 10
2022-03-06,Mar-23,W 11
2022-03-07,Mar-23,W 11
2022-03-08,Mar-23,W 11
2022-03-09,Mar-23,W 11
2022-03-10,Mar-23,W 11
2022-03-11,Mar-23,W 11
2022-03-12,Mar-23,W 11
2022-03-13,Mar-23,W 12
2022-03-14,Mar-23,W 12
2022-03-15,Mar-23,W 12
2022-03-01,Mar-23,W 10
2022-03-17,Mar-23,W 12
2022-03-18,Mar-23,W 12
2022-03-19,Mar-23,W 12
2022-03-20,Mar-23,W 13
2022-03-21,Mar-23,W 13
2022-03-22,Mar-23,W 13
2022-03-23,Mar-23,W 13
2022-03-24,Mar-23,W 13
2022-03-25,Mar-23,W 13
2022-03-26,Mar-23,W 13
2022-03-27,Mar-23,W 14
2022-03-28,Mar-23,W 14
2022-03-29,Mar-23,W 14
2022-03-30,Mar-23,W 14
2022-03-31,Mar-23,W 14
2022-05-01,May-23,W 19
2022-05-02,May-23,W 19
2022-05-03,May-23,W 19
2022-05-04,May-23,W 19
2022-05-05,May-23,W 19
2022-05-06,May-23,W 19
2022-05-07,May-23,W 19
2022-05-08,May-23,W 20
2022-05-09,May-23,W 20
2022-05-10,May-23,W 20
2022-05-11,May-23,W 20
2022-05-12,May-23,W 20
2022-05-13,May-23,W 20
2022-05-14,May-23,W 20
2022-05-15,May-23,W 21
2022-05-16,May-23,W 21
2022-05-17,May-23,W 21
2022-05-18,May-23,W 21
2022-05-19,May-23,W 21
2022-05-20,May-23,W 21
2022-05-21,May-23,W 21
2022-05-22,May-23,W 22
2022-05-23,May-23,W 22
2022-05-24,May-23,W 22
2022-05-25,May-23,W 22
2022-05-26,May-23,W 22
2022-05-27,May-23,W 22
2022-05-28,May-23,W 22
2022-05-29,May-23,W 23
2022-05-30,May-23,W 23
2022-05-31,May-23,W 23
